{
    "epoch": 47.0,
    "precision": 0.87291,
    "recall": 0.76753,
    "accuracy": 0.82022
}