{
    "epoch": 49,
    "precision": 0.94745,
    "recall": 0.95745,
    "accuracy": 0.95245
}