{
    "epoch": 4,
    "precision": 0.83101,
    "recall": 0.34359,
    "accuracy": 0.69
}